<?xml version="1.0" encoding="UTF-8"?>
<!DOCTYPE suite SYSTEM "https://testng.org/testng-1.0.dtd" >
<suite name="SeleniumProject_SDET">
    <test name="RunProject_Selenium">   
        <classes>
            <class name="SeleniumProject_JobBoard.class_JobBoard">
            	<methods>
                    <include name="verifyWebsiteTitle_UC1" />
                    <include name="verifyWebsiteHeading1_UC2" />
                    <include name="verifyImageUrl_UC3" />
                    <include name="verifyWebsiteHeading2_UC4" />
                    <include name="verifyJobPage_UC5()" />
                </methods>
             </class>  
             <class name="SeleniumProject_JobBoard.class_ApplyJob">
            	<methods>
                    <include name="applyJob_UC6" />
                </methods>
             </class> 
             <class name="SeleniumProject_JobBoard.class_PostJob">
            	<methods>
                    <include name="postJob_UC7" />
                    <include name="loginAndApprove_UC7" />
                    <include name="verifyJobInPortal_UC7" />
                </methods>
             </class> 
             <class name="SeleniumProject_JobBoard.class_Login">
            	<methods>
                    <include name="loginProcess_UC8" />
                </methods>
             </class>  
             <class name="SeleniumProject_JobBoard.class_CreateJobListing">
            	<methods>
                    <include name="create_JobListing_BE_UC9" />
                    <include name="verifyJobInPortal" />
                </methods>
             </class>  
        </classes>
    </test>
</suite>